Date,Adj_close_imp
2012-01-03,50.765709
2012-01-04,51.038536
2012-01-05,51.605175
2012-01-06,52.14463
2012-01-09,52.061932
2012-01-10,52.248333
2012-01-11,52.163139
2012-01-12,52.019955
2012-01-13,51.824898
2012-01-16,51.76358966666666
2012-01-17,52.428562
2012-01-18,52.972977
2012-01-19,52.805092
2012-01-20,51.885387
2012-01-23,52.763115
2012-01-24,51.898972
2012-01-25,55.139496
2012-01-26,54.888889
2012-01-27,55.216022
2012-01-30,55.923389
2012-01-31,56.351761
2012-02-01,56.315968
2012-02-02,56.183865
2012-02-03,56.746796
2012-02-06,57.276386
2012-02-07,57.876339
2012-02-08,58.845402
2012-02-09,60.881111
2012-02-10,60.911942
2012-02-13,62.0452
2012-02-14,62.892056
2012-02-15,61.4366
2012-02-16,61.997032
2012-02-17,61.985954
2012-02-20,60.98573733333333
2012-02-21,63.557446
2012-02-22,63.334015
2012-02-23,63.747555
2012-02-24,64.49073
2012-02-27,64.904282
2012-02-28,66.095551
2012-02-29,66.963387
2012-03-01,67.213989
2012-03-02,67.301636
2012-03-05,65.817802
2012-03-06,65.459801
2012-03-07,65.512878
2012-03-08,66.907837
2012-03-09,67.300438
2012-03-12,68.143532
2012-03-13,70.13105
2012-03-14,72.782761
2012-03-15,72.286484
2012-03-16,72.287727
2012-03-19,74.204872
2012-03-20,74.804832
2012-03-21,74.377708
2012-03-22,73.98761
2012-03-23,73.581444
2012-03-26,74.930763
2012-03-27,75.856613
2012-03-28,76.244255
2012-03-29,75.286285
2012-03-30,74.013542
2012-04-02,76.368927
2012-04-03,77.688583
2012-04-04,77.070114
2012-04-05,78.22683
2012-04-06,76.18732355555557
2012-04-09,78.541626
2012-04-10,77.579979
2012-04-11,77.303429
2012-04-12,76.88002
2012-04-13,74.714745
2012-04-16,71.616173
2012-04-17,75.266533
2012-04-18,75.098648
2012-04-19,72.518593
2012-04-20,70.733521
2012-04-23,70.575485
2012-04-24,69.165718
2012-04-25,75.303566
2012-04-26,75.019646
2012-04-27,74.43943
2012-04-30,72.091446
2012-05-01,71.863052
2012-05-02,72.338333
2012-05-03,71.824791
2012-05-04,69.779243
2012-05-07,70.301445
2012-05-08,70.140945
2012-05-09,70.264397
2012-05-10,70.429832
2012-05-11,69.959488
2012-05-14,68.911415
2012-05-15,68.287987
2012-05-16,67.412743
2012-05-17,65.442513
2012-05-18,65.474609
2012-05-21,69.289162
2012-05-22,68.757088
2012-05-23,70.434761
2012-05-24,69.78791
2012-05-25,69.413841
2012-05-28,68.25562377777777
2012-05-29,70.645882
2012-05-30,71.497665
2012-05-31,71.319878
2012-06-01,69.253372
2012-06-04,69.660744
2012-06-05,69.480499
2012-06-06,70.545883
2012-06-07,70.577957
2012-06-08,71.639626
2012-06-11,70.510078
2012-06-12,71.126038
2012-06-13,70.632256
2012-06-14,70.554489
2012-06-15,70.875465
2012-06-18,72.313637
2012-06-19,72.514885
2012-06-20,72.308708
2012-06-21,71.312492
2012-06-22,71.85936
2012-06-25,70.460701
2012-06-26,70.616219
2012-06-27,70.92115
2012-06-28,70.248352
2012-06-29,72.093903
2012-07-02,73.145668
2012-07-03,73.996246
2012-07-04,71.62823233333333
2012-07-05,75.29615
2012-07-06,74.794975
2012-07-09,75.783798
2012-07-10,75.082603
2012-07-11,74.615967
2012-07-12,73.933273
2012-07-13,74.682602
2012-07-16,74.922119
2012-07-17,74.925812
2012-07-18,74.841896
2012-07-19,75.836884
2012-07-20,74.599937
2012-07-23,74.541885
2012-07-24,74.182663
2012-07-25,70.979172
2012-07-26,70.968056
2012-07-27,72.237114
2012-07-30,73.455574
2012-07-31,75.397385
2012-08-01,74.909775
2012-08-02,75.030754
2012-08-03,76.007233
2012-08-06,76.852821
2012-08-07,76.650383
2012-08-08,76.520775
2012-08-09,76.957161
2012-08-10,77.077438
2012-08-13,78.106461
2012-08-14,78.315979
2012-08-15,78.209335
2012-08-16,78.892494
2012-08-17,80.351715
2012-08-20,82.464294
2012-08-21,81.337326
2012-08-22,82.925507
2012-08-23,82.151878
2012-08-24,82.225029
2012-08-27,83.769806
2012-08-28,83.660683
2012-08-29,83.495804
2012-08-30,82.305595
2012-08-31,82.475456
2012-09-03,82.70523155555556
2012-09-04,83.681786
2012-09-05,83.094116
2012-09-06,83.842957
2012-09-07,84.359955
2012-09-10,82.16552
2012-09-11,81.898964
2012-09-12,83.039574
2012-09-13,84.674828
2012-09-14,85.703873
2012-09-17,86.75766
2012-09-18,87.021759
2012-09-19,87.045334
2012-09-20,86.623787
2012-09-21,86.796127
2012-09-24,85.643105
2012-09-25,83.504486
2012-09-26,82.468048
2012-09-27,84.469032
2012-09-28,82.706062
2012-10-01,81.750168
2012-10-02,81.988228
2012-10-03,83.245377
2012-10-04,82.668839
2012-10-05,80.907135
2012-10-08,79.119362
2012-10-09,78.831726
2012-10-10,79.459068
2012-10-11,77.870895
2012-10-12,78.070511
2012-10-15,78.696594
2012-10-16,80.559998
2012-10-17,79.91777
2012-10-18,78.433754
2012-10-19,75.607056
2012-10-22,78.606094
2012-10-23,76.043457
2012-10-24,76.473671
2012-10-25,75.569862
2012-10-26,74.883018
2012-10-29,77.34385333333333
2012-10-30,76.94183525
2012-10-31,73.806885
2012-11-01,73.958138
2012-11-02,71.510796
2012-11-05,72.480324
2012-11-06,72.260864
2012-11-07,69.495987
2012-11-08,66.97393
2012-11-09,68.133469
2012-11-12,67.606636
2012-11-13,67.615341
2012-11-14,66.865578
2012-11-15,65.463219
2012-11-16,65.719765
2012-11-19,70.458694
2012-11-20,69.858414
2012-11-21,69.956779
2012-11-22,67.96421055555555
2012-11-23,71.177345
2012-11-26,73.422874
2012-11-27,72.831291
2012-11-28,72.602112
2012-11-29,73.401703
2012-11-30,72.893555
2012-12-03,73.006874
2012-12-04,71.719093
2012-12-05,67.10347
2012-12-06,68.155861
2012-12-07,66.413506
2012-12-10,65.986305
2012-12-11,67.427284
2012-12-12,67.129616
2012-12-13,65.970093
2012-12-14,63.491661
2012-12-17,64.617569
2012-12-18,66.494446
2012-12-19,65.549156
2012-12-20,64.978737
2012-12-21,64.679832
2012-12-24,64.784447
2012-12-25,65.29950633333334
2012-12-26,63.891468
2012-12-27,64.148018
2012-12-28,63.466763
2012-12-31,66.278984
2013-01-01,64.722175625
2013-01-02,68.378807
2013-01-03,67.515701
2013-01-04,65.635078
2013-01-07,65.249001
2013-01-08,65.424622
2013-01-09,64.4021
2013-01-10,65.200417
2013-01-11,64.800636
2013-01-14,62.49033
2013-01-15,60.518787
2013-01-16,63.030853
2013-01-17,62.606155
2013-01-18,62.272381
2013-01-21,63.41625344444445
2013-01-22,62.866467
2013-01-23,64.017242
2013-01-24,56.10741
2013-01-25,54.784744
2013-01-28,56.02396
2013-01-29,57.07513
2013-01-30,56.895782
2013-01-31,56.728886
2013-02-01,56.495995
2013-02-04,55.088631
2013-02-05,57.021576
2013-02-06,56.960533
2013-02-07,58.654213
2013-02-08,59.501026
2013-02-11,60.121113
2013-02-12,58.614113
2013-02-13,58.502632
2013-02-14,58.450001
2013-02-15,57.64452
2013-02-18,58.38552522222221
2013-02-19,57.623222
2013-02-20,56.227711
2013-02-21,55.878208
2013-02-22,56.473236
2013-02-25,55.469814
2013-02-26,56.242744
2013-02-27,55.691559
2013-02-28,55.294441
2013-03-01,53.925251
2013-03-04,52.619907
2013-03-05,54.009163
2013-03-06,53.322685
2013-03-07,53.939014
2013-03-08,54.081837
2013-03-11,54.852242
2013-03-12,53.669682
2013-03-13,53.659664
2013-03-14,54.179539
2013-03-15,55.577553
2013-03-18,57.088329
2013-03-19,56.934231
2013-03-20,56.632324
2013-03-21,56.713757
2013-03-22,57.86375
2013-03-25,58.072941
2013-03-26,57.767284
2013-03-27,56.632324
2013-03-28,55.452278
2013-03-29,57.01746866666667
2013-04-01,53.729809
2013-04-02,53.84005
2013-04-03,54.115654
2013-04-04,53.580742
2013-04-05,53.014526
2013-04-08,53.391586
2013-04-09,53.488045
2013-04-10,54.579151
2013-04-11,54.408779
2013-04-12,53.841305
2013-04-15,52.594868
2013-04-16,53.395344
2013-04-17,50.458996
2013-04-18,49.112339
2013-04-19,48.921928
2013-04-22,49.941639
2013-04-23,50.876152
2013-04-24,50.792217
2013-04-25,51.158012
2013-04-26,52.262901
2013-04-29,53.881386
2013-04-30,55.467304
2013-05-01,55.030113
2013-05-02,55.810555
2013-05-03,56.369263
2013-05-06,57.713413
2013-05-07,57.456627
2013-05-08,58.105518
2013-05-09,57.598583
2013-05-10,57.119423
2013-05-13,57.342613
2013-05-14,55.970642
2013-05-15,54.077888
2013-05-16,54.800449
2013-05-17,54.633984
2013-05-20,55.853371
2013-05-21,55.441029
2013-05-22,55.654129
2013-05-23,55.753757
2013-05-24,56.133308
2013-05-27,55.36872855555555
2013-05-28,55.665478
2013-05-29,56.108093
2013-05-30,56.944138
2013-05-31,56.710838
2013-06-03,56.835697
2013-06-04,56.657883
2013-06-05,56.128265
2013-06-06,55.289696
2013-06-07,55.712135
2013-06-10,55.343933
2013-06-11,55.181252
2013-06-12,54.499069
2013-06-13,54.974457
2013-06-14,54.22921
2013-06-17,54.475101
2013-06-18,54.446087
2013-06-19,53.340206
2013-06-20,52.563431
2013-06-21,52.14225
2013-06-24,50.760197
2013-06-25,50.771538
2013-06-26,50.196545
2013-06-27,49.655571
2013-06-28,50.002346
2013-07-01,51.602547
2013-07-02,52.771496
2013-07-03,53.062782
2013-07-04,51.218363555555555
2013-07-05,52.636562
2013-07-08,52.337708
2013-07-09,53.258228
2013-07-10,53.053955
2013-07-11,53.881161
2013-07-12,53.782806
2013-07-15,53.900089
2013-07-16,54.248123
2013-07-17,54.261986
2013-07-18,54.444832
2013-07-19,53.586102
2013-07-22,53.757599
2013-07-23,52.834541
2013-07-24,55.548214
2013-07-25,55.294762
2013-07-26,55.608746
2013-07-29,56.466217
2013-07-30,57.163551
2013-07-31,57.063919
2013-08-01,57.587246
2013-08-02,58.326183
2013-08-05,59.197529
2013-08-06,58.667927
2013-08-07,58.633869
2013-08-08,58.517097
2013-08-09,57.684414
2013-08-12,59.323116
2013-08-13,62.142277
2013-08-14,63.275768
2013-08-15,63.200893
2013-08-16,63.76194
2013-08-19,64.448639
2013-08-20,63.60202
2013-08-21,63.765739
2013-08-22,63.841904
2013-08-23,63.595646
2013-08-26,63.843174
2013-08-27,62.017876
2013-08-28,62.311089
2013-08-29,62.412655
2013-08-30,61.84399
2013-09-02,63.02601033333334
2013-09-03,62.016617
2013-09-04,63.299889
2013-09-05,62.86578
2013-09-06,63.240242
2013-09-09,64.249352
2013-09-10,62.785843
2013-09-11,59.367546
2013-09-12,59.999676
2013-09-13,59.010853
2013-09-16,57.134789
2013-09-17,57.794842
2013-09-18,58.982941
2013-09-19,59.950153
2013-09-20,59.32946
2013-09-23,62.278099
2013-09-24,62.082623
2013-09-25,61.121758
2013-09-26,61.717056
2013-09-27,61.276608
2013-09-30,60.514988
2013-10-01,61.937904
2013-10-02,62.140995
2013-10-03,61.360367
2013-10-04,61.312141
2013-10-07,61.911263
2013-10-08,61.046852
2013-10-09,61.764019
2013-10-10,62.151165
2013-10-11,62.553543
2013-10-14,62.963535
2013-10-15,63.298634
2013-10-16,63.60709
2013-10-17,64.037384
2013-10-18,64.594612
2013-10-21,66.177467
2013-10-22,65.988335
2013-10-23,66.634415
2013-10-24,67.516586
2013-10-25,66.76136
2013-10-28,67.258911
2013-10-29,65.583397
2013-10-30,66.626801
2013-10-31,66.347549
2013-11-01,66.008629
2013-11-04,66.861618
2013-11-05,66.696602
2013-11-06,66.507652
2013-11-07,65.431374
2013-11-08,66.461685
2013-11-11,66.268875
2013-11-12,66.391464
2013-11-13,66.470612
2013-11-14,67.432014
2013-11-15,67.027267
2013-11-18,66.215294
2013-11-19,66.332726
2013-11-20,65.751816
2013-11-21,66.535744
2013-11-22,66.364662
2013-11-25,66.867691
2013-11-26,68.101006
2013-11-27,69.704597
2013-11-28,66.98897811111111
2013-11-29,70.995354
2013-12-02,70.377434
2013-12-03,72.304024
2013-12-04,72.13549
2013-12-05,72.505753
2013-12-06,71.499664
2013-12-09,72.318069
2013-12-10,72.205704
2013-12-11,71.670746
2013-12-12,71.566086
2013-12-13,70.785973
2013-12-16,71.177933
2013-12-17,70.857491
2013-12-18,70.31871
2013-12-19,69.513092
2013-12-20,70.095276
2013-12-23,72.785355
2013-12-24,72.476387
2013-12-25,71.06403366666667
2013-12-26,71.995049
2013-12-27,71.508598
2013-12-30,70.797493
2013-12-31,71.627357
2014-01-01,71.34982587500001
2014-01-02,70.62001
2014-01-03,69.068787
2014-01-06,69.445427
2014-01-07,68.948753
2014-01-08,69.385429
2014-01-09,68.499359
2014-01-10,68.042282
2014-01-13,68.398491
2014-01-14,69.759499
2014-01-15,71.16008
2014-01-16,70.763023
2014-01-17,69.02919
2014-01-20,69.33178955555555
2014-01-21,70.101646
2014-01-22,70.413162
2014-01-23,71.009415
2014-01-24,69.718643
2014-01-27,70.284225
2014-01-28,64.666603
2014-01-29,63.932476
2014-01-30,63.808632
2014-01-31,63.91333
2014-02-03,64.032051
2014-02-04,64.958969
2014-02-05,65.444122
2014-02-06,65.825577
2014-02-07,66.746498
2014-02-10,67.94223
2014-02-11,68.83744
2014-02-12,68.832306
2014-02-13,69.925316
2014-02-14,69.868805
2014-02-17,67.59791811111111
2014-02-18,70.125679
2014-02-19,69.018547
2014-02-20,68.219681
2014-02-21,67.461868
2014-02-24,67.757278
2014-02-25,67.05217
2014-02-26,66.447235
2014-02-27,67.77269
2014-02-28,67.589027
2014-03-03,67.784248
2014-03-04,68.231224
2014-03-05,68.375069
2014-03-06,68.168274
2014-03-07,68.128456
2014-03-10,68.190117
2014-03-11,68.854141
2014-03-12,68.920921
2014-03-13,68.155441
2014-03-14,67.389977
2014-03-17,67.653259
2014-03-18,68.25177
2014-03-19,68.233803
2014-03-20,67.905006
2014-03-21,68.440552
2014-03-24,69.252289
2014-03-25,69.997231
2014-03-26,69.328056
2014-03-27,69.030113
2014-03-28,68.953056
2014-03-31,68.937645
2014-04-01,69.56826
2014-04-02,69.683846
2014-04-03,69.200912
2014-04-04,68.305725
2014-04-07,67.233276
2014-04-08,67.229416
2014-04-09,68.113075
2014-04-10,67.234543
2014-04-11,66.737495
2014-04-14,67.003365
2014-04-15,66.525581
2014-04-16,66.660431
2014-04-17,67.422073
2014-04-18,67.12880611111112
2014-04-21,68.222229
2014-04-22,68.290314
2014-04-23,67.397652
2014-04-24,72.923035
2014-04-25,73.458626
2014-04-28,76.303528
2014-04-29,76.077469
2014-04-30,75.78978
2014-05-01,75.96833
2014-05-02,76.109573
2014-05-05,77.185883
2014-05-06,76.344643
2014-05-07,76.077469
2014-05-08,75.941864
2014-05-09,75.625427
2014-05-12,76.566986
2014-05-13,76.687088
2014-05-14,76.701286
2014-05-15,76.049042
2014-05-16,77.17144
2014-05-19,78.085861
2014-05-20,78.101318
2014-05-21,78.307983
2014-05-22,78.431961
2014-05-23,79.317978
2014-05-26,77.65043966666667
2014-05-27,80.803261
2014-05-28,80.594025
2014-05-29,82.062523
2014-05-30,81.755142
2014-06-02,81.193321
2014-06-03,82.341492
2014-06-04,83.281761
2014-06-05,83.608528
2014-06-06,83.378609
2014-06-09,84.712776
2014-06-10,85.210014
2014-06-11,84.85743
2014-06-12,83.438034
2014-06-13,82.524895
2014-06-16,83.356644
2014-06-17,83.248161
2014-06-18,83.338585
2014-06-19,83.049271
2014-06-20,82.190399
2014-06-23,82.118065
2014-06-24,81.620804
2014-06-25,81.69313
2014-06-26,82.181358
2014-06-27,83.157768
2014-06-30,84.016647
2014-07-01,84.550034
2014-07-02,84.513885
2014-07-03,85.011116
2014-07-04,83.20697855555557
2014-07-07,86.765053
2014-07-08,86.204521
2014-07-09,86.240677
2014-07-10,85.924271
2014-07-11,86.086998
2014-07-14,87.199005
2014-07-15,86.177406
2014-07-16,85.689194
2014-07-17,84.161293
2014-07-18,85.372757
2014-07-21,84.929779
2014-07-22,85.634956
2014-07-23,87.868057
2014-07-24,87.723373
2014-07-25,88.301987
2014-07-28,89.522507
2014-07-29,88.943916
2014-07-30,88.735962
2014-07-31,86.43055
2014-08-01,86.909714
2014-08-04,86.421494
2014-08-05,85.996597
2014-08-06,85.851921
2014-08-07,85.842827
2014-08-08,86.079079
2014-08-11,87.214798
2014-08-12,87.196617
2014-08-13,88.350533
2014-08-14,88.586761
2014-08-15,89.022903
2014-08-18,90.095024
2014-08-19,91.33976
2014-08-20,91.376114
2014-08-21,91.385193
2014-08-22,92.057549
2014-08-25,92.257446
2014-08-26,91.66684
2014-08-27,92.793495
2014-08-28,92.902527
2014-08-29,93.129669
2014-09-01,92.10095477777777
2014-09-02,93.85656
2014-09-03,89.895134
2014-09-04,89.150085
2014-09-05,89.922386
2014-09-08,89.368134
2014-09-09,89.031967
2014-09-10,91.766808
2014-09-11,92.157471
2014-09-12,92.366486
2014-09-15,92.339211
2014-09-16,91.639603
2014-09-17,92.293785
2014-09-18,92.484581
2014-09-19,91.730469
2014-09-22,91.821304
2014-09-23,93.256874
2014-09-24,92.448242
2014-09-25,88.922958
2014-09-26,91.53968
2014-09-29,90.95816
2014-09-30,91.53968
2014-10-01,90.113167
2014-10-02,90.767372
2014-10-03,90.512955
2014-10-06,90.512955
2014-10-07,89.722481
2014-10-08,91.585068
2014-10-09,91.784966
2014-10-10,91.521469
2014-10-13,90.685585
2014-10-14,89.722481
2014-10-15,88.6231
2014-10-16,87.460114
2014-10-17,88.741211
2014-10-20,90.640167
2014-10-21,93.102417
2014-10-22,93.574875
2014-10-23,95.246681
2014-10-24,95.601021
2014-10-27,95.501068
2014-10-28,96.98204
2014-10-29,97.527191
2014-10-30,97.200127
2014-10-31,98.126854
2014-11-03,99.398888
2014-11-04,98.672043
2014-11-05,98.908249
2014-11-06,99.191124
2014-11-07,99.474014
2014-11-10,99.309769
2014-11-11,100.103653
2014-11-12,101.518051
2014-11-13,102.950714
2014-11-14,104.191765
2014-11-17,104.018387
2014-11-18,105.368912
2014-11-19,104.638901
2014-11-20,106.135429
2014-11-21,106.281441
2014-11-24,108.25248
2014-11-25,107.312576
2014-11-26,108.590118
2014-11-27,106.08777877777779
2014-11-28,108.526222
2014-12-01,105.003899
2014-12-02,104.602379
2014-12-03,105.788673
2014-12-04,105.387161
2014-12-05,104.94001
2014-12-08,102.567482
2014-12-09,104.137001
2014-12-10,102.15683
2014-12-11,101.855705
2014-12-12,100.131035
2014-12-15,98.76226
2014-12-16,97.411713
2014-12-17,99.839035
2014-12-18,102.795593
2014-12-19,102.001709
2014-12-22,103.060234
2014-12-23,102.695244
2014-12-24,102.211563
2014-12-25,100.98982066666667
2014-12-26,104.018387
2014-12-29,103.945374
2014-12-30,102.676979
2014-12-31,100.724174
2015-01-01,102.666708
2015-01-02,99.766006
2015-01-05,96.955429
2015-01-06,96.964584
2015-01-07,98.324242
2015-01-08,102.102089
2015-01-09,102.211563
2015-01-12,99.693008
2015-01-13,100.578171
2015-01-14,100.194923
2015-01-15,97.475563
2015-01-16,96.718193
2015-01-19,99.36248177777777
2015-01-20,99.209412
2015-01-21,99.966774
2015-01-22,102.567482
2015-01-23,103.096718
2015-01-26,103.206223
2015-01-27,99.592651
2015-01-28,105.222908
2015-01-29,108.498863
2015-01-30,106.911079
2015-02-02,108.25248
2015-02-03,108.270729
2015-02-04,109.101135
2015-02-05,109.879822
2015-02-06,108.954536
2015-02-09,109.678268
2015-02-10,111.785355
2015-02-11,114.405487
2015-02-12,115.852966
2015-02-13,116.420959
2015-02-16,111.59436188888888
2015-02-17,117.108047
2015-02-18,117.923401
2015-02-19,117.676033
2015-02-20,118.63797
2015-02-23,121.844398
2015-02-24,121.084
2015-02-25,117.987526
2015-02-26,119.480812
2015-02-27,117.685204
2015-03-02,118.262352
2015-03-03,118.509705
2015-03-04,117.758484
2015-03-05,115.807144
2015-03-06,115.981216
2015-03-09,116.475922
2015-03-10,114.066513
2015-03-11,111.986923
2015-03-12,114.011536
2015-03-13,113.223663
2015-03-16,114.469604
2015-03-17,116.3843
2015-03-18,117.694351
2015-03-19,116.805733
2015-03-20,115.339943
2015-03-23,116.540031
2015-03-24,116.06366
2015-03-25,113.031303
2015-03-26,113.819153
2015-03-27,112.912201
2015-03-30,115.770508
2015-03-31,113.993217
2015-04-01,113.828323
2015-04-02,114.808571
2015-04-03,114.529663
2015-04-06,116.668289
2015-04-07,115.440712
2015-04-08,115.065086
2015-04-09,115.944565
2015-04-10,116.439262
2015-04-13,116.210243
2015-04-14,115.706367
2015-04-15,116.146111
2015-04-16,115.58728
2015-04-17,114.286377
2015-04-20,116.897331
2015-04-21,116.265213
2015-04-22,117.831787
2015-04-23,118.793732
2015-04-24,119.352554
2015-04-27,121.523735
2015-04-28,119.609047
2015-04-29,117.850105
2015-04-30,114.65284
2015-05-01,118.134094
2015-05-04,117.90506
2015-05-05,115.248314
2015-05-06,114.524582
2015-05-07,115.232941
2015-05-08,117.404037
2015-05-11,116.208099
2015-05-12,115.794113
2015-05-13,115.922905
2015-05-14,118.627556
2015-05-15,118.461967
2015-05-18,119.76828
2015-05-19,119.657898
2015-05-20,119.648712
2015-05-21,120.872238
2015-05-22,121.930191
2015-05-25,118.96487333333332
2015-05-26,119.243912
2015-05-27,121.470222
2015-05-28,121.231003
2015-05-29,119.851089
2015-06-01,120.090279
2015-06-02,119.556694
2015-06-03,119.703903
2015-06-04,119.00473
2015-06-05,118.351563
2015-06-08,117.569611
2015-06-09,117.220032
2015-06-10,118.563141
2015-06-11,118.296387
2015-06-12,116.990044
2015-06-15,116.760063
2015-06-16,117.38562
2015-06-17,117.109634
2015-06-18,117.643196
2015-06-19,116.465683
2015-06-22,117.394821
2015-06-23,116.861244
2015-06-24,117.85482
2015-06-25,117.29364
2015-06-26,116.603653
2015-06-29,114.561371
2015-06-30,115.389328
2015-07-01,116.465683
2015-07-02,116.318474
2015-07-03,116.52700377777776
2015-07-06,115.913704
2015-07-07,115.628525
2015-07-08,112.758286
2015-07-09,110.458405
2015-07-10,113.41143
2015-07-13,115.600922
2015-07-14,115.554909
2015-07-15,116.66806
2015-07-16,118.222786
2015-07-17,119.243912
2015-07-20,121.497826
2015-07-21,120.283463
2015-07-22,115.196144
2015-07-23,115.14093
2015-07-24,114.533791
2015-07-27,112.942253
2015-07-28,113.503433
2015-07-29,113.144638
2015-07-30,112.574303
2015-07-31,111.589928
2015-08-03,108.958878
2015-08-04,105.463081
2015-08-05,106.162231
2015-08-06,106.393257
2015-08-07,106.753654
2015-08-10,110.634941
2015-08-11,104.877724
2015-08-12,106.494896
2015-08-13,106.411743
2015-08-14,107.160263
2015-08-17,108.269211
2015-08-18,107.659302
2015-08-19,106.282379
2015-08-20,104.101456
2015-08-21,97.734299
2015-08-24,95.294647
2015-08-25,95.867607
2015-08-26,101.366074
2015-08-27,104.350983
2015-08-28,104.692871
2015-08-31,104.20311
2015-09-01,99.54557
2015-09-02,103.81498
2015-09-03,101.994484
2015-09-04,100.977966
2015-09-07,101.86818277777778
2015-09-08,103.787254
2015-09-09,101.791168
2015-09-10,104.027512
2015-09-11,105.543083
2015-09-14,106.559593
2015-09-15,107.455994
2015-09-16,107.576134
2015-09-17,105.275085
2015-09-18,104.840744
2015-09-21,106.467194
2015-09-22,104.794556
2015-09-23,105.644722
2015-09-24,106.273109
2015-09-25,106.005119
2015-09-28,103.907394
2015-09-29,100.78389
2015-09-30,101.929794
2015-10-01,101.264427
2015-10-02,102.003716
2015-10-05,102.373367
2015-10-06,102.863136
2015-10-07,102.373367
2015-10-08,101.190491
2015-10-09,103.611687
2015-10-12,103.131142
2015-10-13,103.306717
2015-10-14,101.846626
2015-10-15,103.371414
2015-10-16,102.613632
2015-10-19,103.251282
2015-10-20,105.136467
2015-10-21,105.127235
2015-10-22,106.735191
2015-10-23,110.04351
2015-10-26,106.531876
2015-10-27,105.857277
2015-10-28,110.219093
2015-10-29,111.383469
2015-10-30,110.431648
2015-11-02,111.984161
2015-11-03,113.268661
2015-11-04,112.74192
2015-11-05,112.222191
2015-11-06,112.352112
2015-11-09,111.897385
2015-11-10,108.370689
2015-11-11,107.758179
2015-11-12,107.396225
2015-11-13,104.259354
2015-11-16,105.967026
2015-11-17,105.51226
2015-11-18,108.853294
2015-11-19,110.236122
2015-11-20,110.718719
2015-11-23,109.280228
2015-11-24,110.328941
2015-11-25,109.54007
2015-11-26,108.29955711111111
2015-11-27,109.335907
2015-11-30,109.790665
2015-12-01,108.899689
2015-12-02,107.915955
2015-12-03,106.913643
2015-12-04,110.468147
2015-12-07,109.772102
2015-12-08,109.725693
2015-12-09,107.303421
2015-12-10,107.813866
2015-12-11,105.03894
2015-12-14,104.38929
2015-12-15,102.54245
2015-12-16,103.331291
2015-12-17,101.141052
2015-12-18,98.403236
2015-12-21,99.609726
2015-12-22,99.51693
2015-12-23,100.797646
2015-12-24,100.259377
2015-12-25,101.11011088888888
2015-12-28,99.136421
2015-12-29,100.918304
2015-12-30,99.600441
2015-12-31,97.688629
2016-01-01,99.69093425
2016-01-04,97.772148
2016-01-05,95.322052
2016-01-06,93.456642
2016-01-07,89.512329
2016-01-08,89.985634
2016-01-11,91.442703
2016-01-12,92.769859
2016-01-13,90.384712
2016-01-14,92.361481
2016-01-15,90.143433
2016-01-18,91.70876055555556
2016-01-19,89.707237
2016-01-20,89.827881
2016-01-21,89.373123
2016-01-22,94.12484
2016-01-25,92.28727
2016-01-26,92.797707
2016-01-27,86.700294
2016-01-28,87.322075
2016-01-29,90.33831
2016-02-01,89.493767
2016-02-02,87.684044
2016-02-03,89.419548
2016-02-04,90.138016
2016-02-05,87.730598
2016-02-08,88.654388
2016-02-09,88.635727
2016-02-10,87.963867
2016-02-11,87.431999
2016-02-12,87.702599
2016-02-15,88.37342066666666
2016-02-16,90.175346
2016-02-17,91.556351
2016-02-18,89.820747
2016-02-19,89.615479
2016-02-22,90.399269
2016-02-23,88.355766
2016-02-24,89.671448
2016-02-25,90.287315
2016-02-26,90.427277
2016-02-29,90.222015
2016-03-01,93.805122
2016-03-02,94.010406
2016-03-03,94.710243
2016-03-04,96.119225
2016-03-07,95.055504
2016-03-08,94.271683
2016-03-09,94.355659
2016-03-10,94.402313
2016-03-11,95.419395
2016-03-14,95.662003
2016-03-15,97.584206
2016-03-16,98.881218
2016-03-17,98.72258
2016-03-18,98.834564
2016-03-21,98.825233
2016-03-22,99.581047
2016-03-23,99.03051
2016-03-24,98.601288
2016-03-25,98.41362766666667
2016-03-28,98.153397
2016-03-29,100.476837
2016-03-30,102.231064
2016-03-31,101.699196
2016-04-01,102.632294
2016-04-04,103.686699
2016-04-05,102.464348
2016-04-06,103.537399
2016-04-07,101.279305
2016-04-08,101.391273
2016-04-11,101.72718
2016-04-12,103.052185
2016-04-13,104.545166
2016-04-14,104.601151
2016-04-15,102.501671
2016-04-18,100.290207
2016-04-19,99.758339
2016-04-20,99.963631
2016-04-21,98.881218
2016-04-22,98.610611
2016-04-25,98.050774
2016-04-26,97.369583
2016-04-27,91.276405
2016-04-28,88.486427
2016-04-29,87.469337
2016-05-02,87.376022
2016-05-03,88.813004
2016-05-04,87.889236
2016-05-05,87.532501
2016-05-06,87.044342
2016-05-09,87.110031
2016-05-10,87.701477
2016-05-11,86.84716
2016-05-12,84.809998
2016-05-13,84.978996
2016-05-16,88.133316
2016-05-17,87.767189
2016-05-18,88.771683
2016-05-19,88.433708
2016-05-20,89.391281
2016-05-23,90.527229
2016-05-24,91.907249
2016-05-25,93.52195
2016-05-26,94.263596
2016-05-27,94.20726
2016-05-30,90.97679388888888
2016-05-31,93.747269
2016-06-01,92.432938
2016-06-02,91.738266
2016-06-03,91.92601
2016-06-06,92.592552
2016-06-07,92.968063
2016-06-08,92.883568
2016-06-09,93.550117
2016-06-10,92.780327
2016-06-13,91.381516
2016-06-14,91.494164
2016-06-15,91.193764
2016-06-16,91.578682
2016-06-17,89.494545
2016-06-20,89.278648
2016-06-21,90.039047
2016-06-22,89.701096
2016-06-23,90.217422
2016-06-24,87.682709
2016-06-27,86.405937
2016-06-28,87.861076
2016-06-29,88.621475
2016-06-30,89.748039
2016-07-01,90.020279
2016-07-04,88.92189777777779
2016-07-05,89.175377
2016-07-06,89.68232
2016-07-07,90.067223
2016-07-08,90.761925
2016-07-11,91.043564
2016-07-12,91.456642
2016-07-13,90.940285
2016-07-14,92.742775
2016-07-15,92.733376
2016-07-18,93.719116
2016-07-19,93.75666
2016-07-20,93.841156
2016-07-21,93.343605
2016-07-22,92.620728
2016-07-25,91.381516
2016-07-26,90.752541
2016-07-27,96.648094
2016-07-28,97.952995
2016-07-29,97.830978
2016-08-01,99.558342
2016-08-02,98.084465
2016-08-03,99.314278
2016-08-04,99.927788
2016-08-05,101.447411
2016-08-08,102.28746
2016-08-09,102.702774
2016-08-10,101.938248
2016-08-11,101.872154
2016-08-12,102.108131
2016-08-15,103.335182
2016-08-16,103.240776
2016-08-17,103.08976
2016-08-18,102.957619
2016-08-19,103.221886
2016-08-22,102.419609
2016-08-23,102.740524
2016-08-24,101.966537
2016-08-25,101.532372
2016-08-26,100.937721
2016-08-29,100.824471
2016-08-30,100.050491
2016-08-31,100.144882
2016-09-01,100.739517
2016-09-02,101.683388
2016-09-05,101.17998922222222
2016-09-06,101.655067
2016-09-07,102.278015
2016-09-08,99.597435
2016-09-09,97.341576
2016-09-12,99.521927
2016-09-13,101.891037
2016-09-14,105.496635
2016-09-15,109.083344
2016-09-16,108.469833
2016-09-19,107.20504
2016-09-20,107.19561
2016-09-21,107.17672
2016-09-22,108.186668
2016-09-23,106.383858
2016-09-26,106.544327
2016-09-27,106.742538
2016-09-28,107.554268
2016-09-29,105.883629
2016-09-30,106.704796
2016-10-03,106.204529
2016-10-04,106.657608
2016-10-05,106.704796
2016-10-06,107.497643
2016-10-07,107.658104
2016-10-10,109.536407
2016-10-11,109.772369
2016-10-12,110.753998
2016-10-13,110.414215
2016-10-14,111.02771
2016-10-17,110.952202
2016-10-18,110.876709
2016-10-19,110.546349
2016-10-20,110.489738
2016-10-21,110.055542
2016-10-24,111.0466
2016-10-25,111.612923
2016-10-26,109.102219
2016-10-27,108.05452
2016-10-28,107.337166
2016-10-31,107.167274
2016-11-01,105.232338
2016-11-02,105.326721
2016-11-03,104.197777
2016-11-04,103.258522
2016-11-07,104.748009
2016-11-08,105.364685
2016-11-09,105.193924
2016-11-10,102.262383
2016-11-11,102.869553
2016-11-14,100.28904
2016-11-15,101.617256
2016-11-16,104.349548
2016-11-17,104.311584
2016-11-18,104.41597
2016-11-21,106.000328
2016-11-22,106.066727
2016-11-23,105.525963
2016-11-24,103.93844100000001
2016-11-25,106.057251
2016-11-28,105.848526
2016-11-29,105.744179
2016-11-30,104.852379
2016-12-01,103.875198
2016-12-02,104.264175
2016-12-05,103.514687
2016-12-06,104.311584
2016-12-07,105.336243
2016-12-08,106.370323
2016-12-09,108.106476
2016-12-12,107.48983
2016-12-13,109.282906
2016-12-14,109.282906
2016-12-15,109.880577
2016-12-16,110.022896
2016-12-19,110.658531
2016-12-20,110.952629
2016-12-21,111.056999
2016-12-22,110.326492
2016-12-23,110.544678
2016-12-26,110.22317933333335
2016-12-27,111.246742
2016-12-28,110.7724
2016-12-29,110.743919
2016-12-30,109.880577
2017-01-02,110.69055449999999
2017-01-03,110.193657
2017-01-04,110.070328
2017-01-05,110.630081
2017-01-06,111.863426
2017-01-09,112.888023
2017-01-10,113.001884
2017-01-11,113.609047
2017-01-12,113.134682
2017-01-13,112.935448
2017-01-16,112.03628622222222
2017-01-17,113.846252
2017-01-18,113.836731
2017-01-19,113.637512
2017-01-20,113.846252
2017-01-23,113.922127
2017-01-24,113.817764
2017-01-25,115.629822
2017-01-26,115.686745
2017-01-27,115.696228
2017-01-30,115.392624
2017-01-31,115.126999
2017-02-01,122.147514
2017-02-02,121.938789
2017-02-03,122.460602
2017-02-06,123.608551
2017-02-07,124.784935
2017-02-08,125.268784
2017-02-09,126.173973
2017-02-10,125.88813
2017-02-13,127.002937
2017-02-14,128.651382
2017-02-15,129.118271
2017-02-16,128.965805
2017-02-17,129.318359
2017-02-20,127.24139733333332
2017-02-21,130.252136
2017-02-22,130.642776
2017-02-23,130.090134
2017-02-24,130.21402
2017-02-27,130.471252
2017-02-28,130.528458
2017-03-01,133.19635
2017-03-02,132.405502
2017-03-03,133.186829
2017-03-06,132.767578
2017-03-07,132.939102
2017-03-08,132.443634
2017-03-09,132.138687
2017-03-10,132.577026
2017-03-13,132.634171
2017-03-14,132.434113
2017-03-15,133.834778
2017-03-16,134.053879
2017-03-17,133.386948
2017-03-20,134.787598
2017-03-21,133.244003
2017-03-22,134.749481
2017-03-23,134.273041
2017-03-24,134.006271
2017-03-27,134.23497
2017-03-28,137.017227
2017-03-29,137.322098
2017-03-30,137.141052
2017-03-31,136.883835
2017-04-03,136.921936
2017-04-04,137.941467
2017-04-05,137.226852
2017-04-06,136.883835
2017-04-07,136.578903
2017-04-10,136.416931
2017-04-11,134.949585
2017-04-12,135.111526
2017-04-13,134.396927
2017-04-14,136.26977355555556
2017-04-17,135.140137
2017-04-18,134.539871
2017-04-19,134.044388
2017-04-20,135.721359
2017-04-21,135.559402
2017-04-24,136.864777
2017-04-25,137.712784
2017-04-26,136.902878
2017-04-27,137.007675
2017-04-28,136.874298
2017-05-01,139.666107
2017-05-02,140.5522
2017-05-03,140.123459
2017-05-04,139.618454
2017-05-05,141.933823
2017-05-08,145.792801
2017-05-09,146.726563
2017-05-10,146.031006
2017-05-11,147.2939
2017-05-12,149.350983
2017-05-15,148.968277
2017-05-16,148.748199
2017-05-17,143.753906
2017-05-18,145.944885
2017-05-19,146.442398
2017-05-22,147.332184
2017-05-23,147.150406
2017-05-24,146.710327
2017-05-25,147.217361
2017-05-26,146.968643
2017-05-29,146.69647877777777
2017-05-30,147.026047
2017-05-31,146.15538
2017-06-01,146.55722
2017-06-02,148.72908
2017-06-05,147.27478
2017-06-06,147.772324
2017-06-07,148.652527
2017-06-08,148.288956
2017-06-09,142.538773
2017-06-12,139.132721
2017-06-13,140.252151
2017-06-14,138.883957
2017-06-15,138.051559
2017-06-16,136.118942
2017-06-19,140.012955
2017-06-20,138.740433
2017-06-21,139.563263
2017-06-22,139.333679
2017-06-23,139.955536
2017-06-26,139.515442
2017-06-27,137.515778
2017-06-28,139.524994
2017-06-29,137.467957
2017-06-30,137.793259
2017-07-03,137.295715
2017-07-04,138.662847
2017-07-05,137.860229
2017-07-06,136.559036
2017-07-07,137.946335
2017-07-10,138.788269
2017-07-11,139.237961
2017-07-12,139.438904
2017-07-13,141.381149
2017-07-14,142.596207
2017-07-17,143.093735
2017-07-18,143.591248
2017-07-19,144.490616
2017-07-20,143.839996
2017-07-21,143.773026
2017-07-24,145.514374
2017-07-25,146.136246
2017-07-26,146.825134
2017-07-27,144.050507
2017-07-28,143.036331
2017-07-31,142.299622
2017-08-01,143.562546
2017-08-02,150.346008
2017-08-03,148.843903
2017-08-04,149.628448
2017-08-07,151.943817
2017-08-08,153.158905
2017-08-09,154.096527
2017-08-10,149.188263
2017-08-11,151.263
2017-08-14,153.539444
2017-08-15,155.220322
2017-08-16,154.596008
2017-08-17,151.627991
2017-08-18,151.282242
2017-08-21,151.003662
2017-08-22,153.472183
2017-08-23,153.664276
2017-08-24,152.9823
2017-08-25,153.549042
2017-08-28,155.095474
2017-08-29,156.478622
2017-08-30,156.90126
2017-08-31,157.525589
2017-09-01,157.573639
2017-09-04,155.24915388888888
2017-09-05,155.681396
2017-09-06,155.518097
2017-09-07,154.893768
2017-09-08,152.367615
2017-09-11,155.124313
2017-09-12,154.509583
2017-09-13,153.347336
2017-09-14,152.031403
2017-09-15,153.568253
2017-09-18,152.406006
2017-09-19,152.463638
2017-09-20,149.908676
2017-09-21,147.334442
2017-09-22,145.893661
2017-09-25,144.606583
2017-09-26,147.094315
2017-09-27,148.141296
2017-09-28,147.228806
2017-09-29,148.035614
2017-10-02,147.737885
2017-10-03,148.381439
2017-10-04,147.420914
2017-10-05,149.255493
2017-10-06,149.169022
2017-10-09,149.687729
2017-10-10,149.745346
2017-10-11,150.369705
2017-10-12,149.841446
2017-10-13,150.792358
2017-10-16,153.568253
2017-10-17,154.134949
2017-10-18,153.452988
2017-10-19,149.822205
2017-10-20,150.081558
2017-10-23,150.004715
2017-10-24,150.897995
2017-10-25,150.235229
2017-10-26,151.19574
2017-10-27,156.613068
2017-10-30,160.138229
2017-10-31,162.366608
2017-11-01,160.301514
2017-11-02,161.473358
2017-11-03,165.690033
2017-11-06,167.370956
2017-11-07,167.908813
2017-11-08,169.282394
2017-11-09,168.9366
2017-11-10,168.377472
2017-11-13,167.702698
2017-11-14,165.16745
2017-11-15,162.988846
2017-11-16,164.936096
2017-11-17,164.020309
2017-11-20,163.856461
2017-11-21,166.902603
2017-11-22,168.657028
2017-11-23,165.84544033333333
2017-11-24,168.666702
2017-11-27,167.818375
2017-11-28,166.835129
2017-11-29,163.374512
2017-11-30,165.659088
2017-12-01,164.887894
2017-12-04,163.682922
2017-12-05,163.528656
2017-12-06,162.921402
2017-12-07,163.220261
2017-12-08,163.268402
2017-12-11,166.449539
2017-12-12,165.514481
2017-12-13,166.06395
2017-12-14,166.015747
2017-12-15,167.702698
2017-12-18,170.064453
2017-12-19,168.252151
2017-12-20,168.069016
2017-12-21,168.705246
2017-12-22,168.705246
2017-12-25,167.6769986666667
2017-12-26,164.425217
2017-12-27,164.454132
2017-12-28,164.916855
2017-12-29,163.133469
2018-01-01,166.3326665
2018-01-02,166.054321
2018-01-03,166.025375
2018-01-04,166.796555
2018-01-05,168.695572
2018-01-08,168.069016
2018-01-09,168.049728
2018-01-10,168.011185
2018-01-11,168.965515
2018-01-12,170.710327
2018-01-15,167.9308437777778
2018-01-16,169.842743
2018-01-17,172.647919
2018-01-18,172.802139
2018-01-19,172.030975
2018-01-22,170.623581
2018-01-23,170.662094
2018-01-24,167.943726
2018-01-25,164.94574
2018-01-26,165.331314
2018-01-29,161.909225
2018-01-30,160.954895
2018-01-31,161.398315
2018-02-01,161.735718
2018-02-02,154.717987
2018-02-05,150.852402
2018-02-06,157.156799
2018-02-07,153.792526
2018-02-08,149.560715
2018-02-09,151.390045
2018-02-12,157.487839
2018-02-13,159.065536
2018-02-14,161.998276
2018-02-15,167.437912
2018-02-16,166.895874
2018-02-19,158.30950244444443
2018-02-20,166.334503
2018-02-21,165.579529
2018-02-22,166.963638
2018-02-23,169.86734
2018-02-26,173.225952
2018-02-27,172.664612
2018-02-28,172.403275
2018-03-01,169.383362
2018-03-02,170.554565
2018-03-05,171.145004
2018-03-06,170.999802
2018-03-07,169.412445
2018-03-08,171.261139
2018-03-09,174.203552
2018-03-12,175.887711
2018-03-13,174.193893
2018-03-14,172.712982
2018-03-15,172.916245
2018-03-16,172.306488
2018-03-19,169.673782
2018-03-20,169.615707
2018-03-21,165.773117
2018-03-22,163.430786
2018-03-23,159.646255
2018-03-26,167.224991
2018-03-27,162.937134
2018-03-28,161.136841
2018-03-29,162.395126
2018-03-30,164.6481932222222
2018-04-02,161.330429
2018-04-03,162.98555
2018-04-04,166.102203
2018-04-05,167.253998
2018-04-06,162.975891
2018-04-09,164.592255
2018-04-10,167.689575
2018-04-11,166.905563
2018-04-12,168.551025
2018-04-13,169.12204
2018-04-16,170.177109
2018-04-17,172.519409
2018-04-18,172.132248
2018-04-19,167.253998
2018-04-20,160.40123
2018-04-23,159.936661
2018-04-24,157.71048
2018-04-25,158.397659
2018-04-26,158.949371
2018-04-27,157.110367
2018-04-30,159.955994
2018-05-01,163.672729
2018-05-02,170.903015
2018-05-03,171.212723
2018-05-04,177.929993
2018-05-07,179.2173
2018-05-08,180.078751
2018-05-09,181.34671
2018-05-10,183.940674
2018-05-11,183.241104
2018-05-14,182.813583
2018-05-15,181.152115
2018-05-16,182.842712
2018-05-17,181.686493
2018-05-18,181.025772
2018-05-21,182.308334
2018-05-22,181.851654
2018-05-23,183.017654
2018-05-24,182.813583
2018-05-25,183.2314
2018-05-28,182.214413
2018-05-29,182.570694
2018-05-30,182.182037
2018-05-31,181.56987
2018-06-01,184.844284
2018-06-04,186.389221
2018-06-05,187.827225
2018-06-06,188.478226
2018-06-07,187.972992
2018-06-08,186.262909
2018-06-11,185.806229
2018-06-12,186.826447
2018-06-13,185.29126
2018-06-14,185.388443
2018-06-15,183.484039
2018-06-18,183.386841
2018-06-19,180.42337
2018-06-20,181.210388
2018-06-21,180.19989
2018-06-22,179.675171
2018-06-25,177.003189
2018-06-26,179.199081
2018-06-27,178.936737
2018-06-28,180.23877
2018-06-29,179.859787
2018-07-02,181.871094
2018-07-03,178.703568
2018-07-04,179.52080966666665
2018-07-05,180.141571
2018-07-06,182.638672
2018-07-09,185.174667
2018-07-10,184.951233
2018-07-11,182.551239
2018-07-12,185.611908
2018-07-13,185.903381
2018-07-16,185.495331
2018-07-17,186.019989
2018-07-18,184.999756
2018-07-19,186.437805
2018-07-20,186.010315
2018-07-23,186.17543
2018-07-24,187.526047
2018-07-25,189.294418
2018-07-26,188.701721
2018-07-27,185.563324
2018-07-30,184.523666
2018-07-31,184.892883
2018-08-01,195.784958
2018-08-02,201.507889
2018-08-03,202.090866
2018-08-06,203.140244
2018-08-07,201.235825
2018-08-08,201.371887
2018-08-09,202.955643
2018-08-10,202.351089
2018-08-13,203.657639
2018-08-14,204.515747
2018-08-15,204.993484
2018-08-16,207.996643
2018-08-17,212.150299
2018-08-20,210.083221
2018-08-21,209.673691
2018-08-22,209.683456
2018-08-23,210.112488
2018-08-24,210.765762
2018-08-27,212.501312
2018-08-28,214.217407
2018-08-29,217.415573
2018-08-30,219.414398
2018-08-31,221.949509
2018-09-03,213.97039955555553
2018-09-04,222.661301
2018-09-05,221.208511
2018-09-06,217.532578
2018-09-07,215.777496
2018-09-10,212.881592
2018-09-11,218.263885
2018-09-12,215.553238
2018-09-13,220.759964
2018-09-14,218.254105
2018-09-17,212.442841
2018-09-18,212.793854
2018-09-19,212.920578
2018-09-20,214.5392
2018-09-21,212.228333
2018-09-24,215.280212
2018-09-25,216.645279
2018-09-26,214.919434
2018-09-27,219.336395
2018-09-28,220.106689
2018-10-01,221.588745
2018-10-02,223.55835
2018-10-03,226.278717
2018-10-04,222.300537
2018-10-05,218.692856
2018-10-08,218.185883
2018-10-09,221.208511
2018-10-10,210.960739
2018-10-11,209.098434
2018-10-12,216.567276
2018-10-15,211.935791
2018-10-16,216.606262
2018-10-17,215.670242
2018-10-18,210.629227
2018-10-19,213.837128
2018-10-22,215.143692
2018-10-23,217.171799
2018-10-24,209.722458
2018-10-25,214.314926
2018-10-26,210.902267
2018-10-29,206.943573
2018-10-30,207.977127
2018-10-31,213.398376
2018-11-01,216.674515
2018-11-02,202.302353
2018-11-05,196.559326
2018-11-06,198.684952
2018-11-07,204.710709
2018-11-08,203.996445
2018-11-09,200.06308
2018-11-12,189.985077
2018-11-13,188.086899
2018-11-14,182.773941
2018-11-15,187.284576
2018-11-16,189.358887
2018-11-19,181.854202
2018-11-20,173.165588
2018-11-21,172.969894
2018-11-22,185.0602382222222
2018-11-23,168.57666
2018-11-26,170.856445
2018-11-27,170.48465
2018-11-28,177.040253
2018-11-29,175.680176
2018-11-30,174.73111
2018-12-03,180.836609
2018-12-04,172.881836
2018-12-05,173.885967375
2018-12-06,170.9543
2018-12-07,164.858582
2018-12-10,165.944656
2018-12-11,164.99556
2018-12-12,165.455414
2018-12-13,167.265549
2018-12-14,161.913437
2018-12-17,160.406647
2018-12-18,162.490753
2018-12-19,157.422363
2018-12-20,153.44986
2018-12-21,147.481339
2018-12-24,143.665421
2018-12-25,157.7278647777778
2018-12-26,153.782547
2018-12-27,152.784531
2018-12-28,152.862808
2018-12-31,154.340271
2019-01-01,151.9736425
2019-01-02,154.516388
2019-01-03,139.125412
2019-01-04,145.064575
2019-01-07,144.741714
2019-01-08,147.500916
2019-01-09,150.005737
2019-01-10,150.485199
2019-01-11,149.007721
2019-01-14,146.76709
2019-01-15,149.770935
2019-01-16,151.600632
2019-01-17,152.500778
2019-01-18,153.440094
2019-01-21,150.1199002222222
2019-01-22,149.995956
2019-01-23,150.6026
2019-01-24,149.408875
2019-01-25,154.359848
2019-01-28,152.931305
2019-01-29,151.346207
2019-01-30,161.688416
2019-01-31,162.852737
2019-02-01,162.93103
2019-02-04,167.559082
2019-02-05,170.425934
2019-02-06,170.48465
2019-02-07,167.255768
2019-02-08,167.452316
2019-02-11,166.489288
2019-02-12,167.923965
2019-02-13,167.226273
2019-02-14,167.835541
2019-02-15,167.462128
2019-02-18,168.06176255555556
2019-02-19,167.963257
2019-02-20,169.044174
2019-02-21,168.091019
2019-02-22,169.96785
2019-02-25,171.205978
2019-02-26,171.304245
2019-02-27,171.834885
2019-02-28,170.14473
2019-03-01,171.933121
2019-03-04,172.797882
2019-03-05,172.483414
2019-03-06,171.490967
2019-03-07,169.506027
2019-03-08,169.908905
2019-03-11,175.794922
2019-03-12,177.77005
2019-03-13,178.556152
2019-03-14,180.541092
2019-03-15,182.889603
2019-03-18,184.756653
2019-03-19,183.292511
2019-03-20,184.894226
2019-03-21,191.703918
2019-03-22,187.734055
2019-03-25,185.464127
2019-03-26,183.547989
2019-03-27,185.198837
2019-03-28,185.444489
2019-03-29,186.653152
2019-04-01,187.920776
2019-04-02,190.652512
2019-04-03,191.959442
2019-04-04,192.293503
2019-04-05,193.580765
2019-04-08,196.626968
2019-04-09,196.037384
2019-04-10,197.137939
2019-04-11,195.496933
2019-04-12,195.41832
2019-04-15,195.772064
2019-04-16,195.791733
2019-04-17,199.604385
2019-04-18,200.321732
2019-04-19,196.91193977777777
2019-04-22,200.980103
2019-04-23,203.878876
2019-04-24,203.564438
2019-04-25,201.717087
2019-04-26,200.754089
2019-04-29,201.058716
2019-04-30,197.187088
2019-05-01,206.866135
2019-05-02,205.519897
2019-05-03,208.074783
2019-05-06,204.861542
2019-05-07,199.339096
2019-05-08,199.378372
2019-05-09,197.236206
2019-05-10,194.503815
2019-05-13,183.199371
2019-05-14,186.099457
2019-05-15,188.328781
2019-05-16,187.500198
2019-05-17,186.43486
2019-05-20,180.605057
2019-05-21,184.067429
2019-05-22,180.299255
2019-05-23,177.221603
2019-05-24,176.540985
2019-05-27,183.0108472222222
2019-05-28,175.81102
2019-05-29,174.972549
2019-05-30,175.880081
2019-05-31,172.693909
2019-06-03,170.947906
2019-06-04,177.201874
2019-06-05,180.062485
2019-06-06,182.706146
2019-06-07,187.569214
2019-06-10,189.966248
2019-06-11,192.16597
2019-06-12,191.554413
2019-06-13,191.514923
2019-06-14,190.124084
2019-06-17,191.258484
2019-06-18,195.756577
2019-06-19,195.184464
2019-06-20,196.752869
2019-06-21,196.082092
2019-06-24,195.884811
2019-06-25,192.91568
2019-06-26,197.088272
2019-06-27,197.029083
2019-06-28,195.233765
2019-07-01,198.814529
2019-07-02,199.978485
2019-07-03,201.635681
2019-07-04,197.1847108888889
2019-07-05,201.458115
2019-07-08,197.305267
2019-07-09,198.508728
2019-07-10,200.47171
2019-07-11,199.011795
2019-07-12,200.540771
2019-07-15,202.424835
2019-07-16,201.724472
2019-07-17,200.590073
2019-07-18,202.868729
2019-07-19,199.840378
2019-07-22,204.407562
2019-07-23,206.005554
2019-07-24,205.837891
2019-07-25,204.210281
2019-07-26,204.920502
2019-07-29,206.834152
2019-07-30,205.946365
2019-07-31,210.14856
2019-08-01,205.60112
2019-08-02,201.250992
2019-08-05,190.715927
2019-08-06,194.326248
2019-08-07,196.338562
2019-08-08,200.668991
2019-08-09,199.015396
2019-08-12,198.510406
2019-08-13,206.917007
2019-08-14,200.758102
2019-08-15,199.758026
2019-08-16,204.471252
2019-08-19,208.283447
2019-08-20,208.29335
2019-08-21,210.550949
2019-08-22,210.372726
2019-08-23,200.6492
2019-08-26,204.461349
2019-08-27,202.154251
2019-08-28,203.510803
2019-08-29,206.956604
2019-08-30,206.689255
2019-09-02,205.95983188888889
2019-09-03,203.679108
2019-09-04,207.134857
2019-09-05,211.184647
2019-09-06,211.164841
2019-09-09,212.065918
2019-09-10,214.571045
2019-09-11,221.393372
2019-09-12,220.89827
2019-09-13,216.600922
2019-09-16,217.739609
2019-09-17,218.531769
2019-09-18,220.581436
2019-09-19,218.789215
2019-09-20,215.590912
2019-09-23,216.571213
2019-09-24,215.541412
2019-09-25,218.858505
2019-09-26,217.729721
2019-09-27,216.670242
2019-09-30,221.769623
2019-10-01,222.383545
2019-10-02,216.808853
2019-10-03,218.650574
2019-10-04,224.77977
2019-10-07,224.829269
2019-10-08,222.195404
2019-10-09,224.799576
2019-10-10,227.829498
2019-10-11,233.889374
2019-10-14,233.552719
2019-10-15,233.008133
2019-10-16,232.067444
2019-10-17,232.968521
2019-10-18,234.087433
2019-10-21,238.147125
2019-10-22,237.602539
2019-10-23,240.790909
2019-10-24,241.186966
2019-10-25,244.157501
2019-10-28,246.603241
2019-10-29,240.899811
2019-10-30,240.870102
2019-10-31,246.316086
2019-11-01,253.306732
2019-11-04,254.970215
2019-11-05,254.603882
2019-11-06,254.712769
2019-11-07,257.652466
2019-11-08,258.357635
2019-11-11,260.403503
2019-11-12,260.165131
2019-11-13,262.657959
2019-11-14,260.840485
2019-11-15,263.939117
2019-11-18,265.269958
2019-11-19,264.465485
2019-11-20,261.386749
2019-11-21,260.214813
2019-11-22,259.986389
2019-11-25,264.544922
2019-11-26,262.479156
2019-11-27,266.004852
2019-11-28,263.14349344444446
2019-11-29,265.418915
2019-12-02,262.350067
2019-12-03,257.672363
2019-12-04,259.946655
2019-12-05,263.760345
2019-12-06,268.855194
2019-12-09,265.091156
2019-12-10,266.640503
2019-12-11,268.914795
2019-12-12,269.600067
2019-12-13,273.264771
2019-12-16,277.942474
2019-12-17,278.48877
2019-12-18,277.823334
2019-12-19,278.10141
2019-12-20,277.525391
2019-12-23,282.054138
2019-12-24,282.322266
2019-12-25,277.458069
2019-12-26,287.923645
2019-12-27,287.814392
2019-12-30,289.522614
2019-12-31,282.88589875
